{
    "spec2code": {
        "dishwash,user22-05": [
            0.69707435607959
        ],
        "dishwash,user30-07": [
            0.5959767418707891
        ],
        "dishwash,user7-10": [
            0.8985396083419646
        ],
        "dishwash,user7-04": [
            0.3013121046620546
        ],
        "dishwash,user4-101": [
            0.5611661017870316
        ],
        "dishwash,user22-07": [
            0.5948792032017226
        ],
        "dishwash,user30-08": [
            0.5579092652946038
        ]
    },
    "lang2code": {
        "dishwash,user22-05": [
            0.341520961398302
        ],
        "dishwash,user30-07": [
            0.3323217739558646
        ],
        "dishwash,user7-10": [
            0.5269093256178795
        ],
        "dishwash,user7-04": [
            2.2940612027310757e-78
        ],
        "dishwash,user4-101": [
            0.3226200199245189
        ],
        "dishwash,user22-07": [
            0.28538432823484705
        ],
        "dishwash,user30-08": [
            0.26128864858997386
        ]
    },
    "demonolang2code": {
        "dishwash,user22-05": [
            0.31334523900626227
        ],
        "dishwash,user30-07": [
            0.39626450694680965
        ],
        "dishwash,user7-10": [
            0.5403356450597102
        ],
        "dishwash,user7-04": [
            0.1105880328195027
        ],
        "dishwash,user4-101": [
            3.366011424136154e-78
        ],
        "dishwash,user22-07": [
            0.21826408425528832
        ],
        "dishwash,user30-08": [
            0.27069458807067137
        ]
    },
    "demo2code": {
        "dishwash,user22-05": [
            0.2551025396887957
        ],
        "dishwash,user30-07": [
            0.5361131269495502
        ],
        "dishwash,user7-10": [
            0.15665107974651699
        ],
        "dishwash,user7-04": [
            1.1145531562455533e-78
        ],
        "dishwash,user4-101": [
            3.8195290639485925e-78
        ],
        "dishwash,user22-07": [
            0.5192308913686593
        ],
        "dishwash,user30-08": [
            0.40829766353608526
        ]
    }
}